event_name,gps_time,catalog,network_snr,luminosity_distance,chi_eff,primary_mass,secondary_mass,primary_mass_lower,primary_mass_upper,secondary_mass_lower,secondary_mass_upper,mass_unit,system_type,total_mass,mass_ratio
GW240109_050431-v1,1388811889.8,GWTC-4.0,10.4,1450.0,-0.08,29.1,18.0,-6.1,6.9,-3.8,4.7,M_sun,BBH,47.1,0.6185567010309279
GW240107_013215-v1,1388626353.7,GWTC-4.0,9.6,5700.0,0.35,60.0,32.0,-18.0,27.0,-17.0,21.0,M_sun,BBH,92.0,0.5333333333333333
GW240105_151143-v1,1388502721.2,GWTC-4.0,25.9,,,,,,,,,,Unknown,,
GW240104_164932-v1,1388422190.6,GWTC-4.0,14.8,1890.0,0.09,42.3,32.3,-6.7,9.1,-7.9,7.3,M_sun,BBH,74.6,0.7635933806146572
GW231231_154016-v1,1388072434.7,GWTC-4.0,13.4,1060.0,-0.03,22.5,17.2,-3.2,5.2,-3.0,2.8,M_sun,BBH,39.7,0.7644444444444444
GW231231_120147-v1,1388059325.6,GWTC-4.0,11.3,,,,,,,,,,Unknown,,
GW231230_170116-v1,1387990895.0,GWTC-4.0,8.2,5600.0,-0.22,53.0,35.0,-14.0,30.0,-13.0,15.0,M_sun,BBH,88.0,0.660377358490566
GW231226_101520-v1,1387620938.3,GWTC-4.0,34.7,1160.0,-0.08,40.0,35.3,-2.6,4.1,-4.7,2.8,M_sun,BBH,75.3,0.8825
GW231224_024321-v1,1387421020.0,GWTC-4.0,14.0,950.0,-0.01,9.3,7.32,-1.1,2.2,-1.35,0.99,M_sun,BBH,16.62,0.7870967741935484
GW231223_202619-v1,1387398397.0,GWTC-4.0,10.0,890.0,0.1,11.1,8.3,-1.6,3.7,-1.9,1.4,M_sun,BBH,19.4,0.7477477477477479
GW231223_075055-v1,1387353073.3,GWTC-4.0,9.4,960.0,0.07,12.0,6.8,-2.9,6.9,-2.1,2.0,M_sun,BBH,18.8,0.5666666666666667
GW231223_032836-v1,1387337334.1,GWTC-4.0,10.2,4000.0,-0.19,46.0,31.0,-11.0,15.0,-15.0,12.0,M_sun,BBH,77.0,0.6739130434782609
GW231221_135041-v1,1387201859.3,GWTC-4.0,10.0,4300.0,0.02,48.0,29.0,-14.0,22.0,-14.0,13.0,M_sun,BBH,77.0,0.6041666666666666
GW231220_173406-v1,1387128864.2,GWTC-4.0,7.9,,,,,,,,,,Unknown,,
GW231213_111417-v1,1386501275.9,GWTC-4.0,10.4,4000.0,0.06,35.3,27.4,-6.4,9.6,-7.2,7.8,M_sun,BBH,62.699999999999996,0.7762039660056658
GW231206_233901-v1,1385941159.5,GWTC-4.0,21.9,1490.0,-0.05,37.6,28.5,-4.5,6.4,-5.9,5.3,M_sun,BBH,66.1,0.7579787234042553
GW231206_233134-v1,1385940712.5,GWTC-4.0,12.8,3000.0,-0.1,35.9,28.6,-6.3,9.0,-7.1,7.6,M_sun,BBH,64.5,0.796657381615599
GW231206_010629-v1,1385860007.2,GWTC-4.0,9.7,,,,,,,,,,Unknown,,
GW231204_090648-v1,1385716026.9,GWTC-4.0,8.4,,,,,,,,,,Unknown,,
GW231129_081745-v1,1385281083.6,GWTC-4.0,9.4,3600.0,0.02,46.0,23.6,-13.0,14.0,-7.8,9.8,M_sun,BBH,69.6,0.5130434782608696
GW231127_165300-v1,1385139198.9,GWTC-4.0,9.9,4400.0,0.05,46.0,29.0,-12.0,17.0,-11.0,12.0,M_sun,BBH,75.0,0.6304347826086957
GW231126_010928-v1,1384996186.3,GWTC-4.0,9.1,,,,,,,,,,Unknown,,
GW231123_135430-v2,1384782888.7,GWTC-4.0,21.8,2200.0,0.31,137.0,103.0,-17.0,22.0,-52.0,20.0,M_sun,BBH,240.0,0.7518248175182481
GW231120_022103-v1,1384482081.0,GWTC-4.0,10.0,,,,,,,,,,Unknown,,
GW231119_075248-v1,1384415586.1,GWTC-4.0,8.3,6600.0,-0.01,48.0,34.0,-12.0,21.0,-13.0,14.0,M_sun,BBH,82.0,0.7083333333333334
GW231118_090602-v1,1384333580.0,GWTC-4.0,11.0,1350.0,0.09,13.2,7.2,-3.4,14.0,-3.2,2.2,M_sun,BBH,20.4,0.5454545454545455
GW231118_071402-v1,1384326860.2,GWTC-4.0,9.2,4100.0,0.11,43.0,30.0,-10.0,14.0,-9.9,10.2,M_sun,BBH,73.0,0.6976744186046512
GW231118_005626-v1,1384304204.8,GWTC-4.0,10.7,2170.0,0.38,20.2,10.8,-5.1,8.2,-2.3,3.4,M_sun,BBH,31.0,0.5346534653465347
GW231114_043211-v1,1383971549.2,GWTC-4.0,10.0,1340.0,0.09,23.1,8.2,-6.0,9.4,-2.1,2.3,M_sun,BBH,31.3,0.35497835497835495
GW231113_200417-v1,1383941075.9,GWTC-4.0,10.5,1150.0,0.13,11.6,7.4,-2.4,5.0,-2.0,1.8,M_sun,BBH,19.0,0.6379310344827587
GW231113_150041-v1,1383922859.4,GWTC-4.0,8.7,,,,,,,,,,Unknown,,
GW231113_122623-v1,1383913601.9,GWTC-4.0,8.6,3200.0,0.35,40.2,27.4,-9.1,15.9,-9.1,8.6,M_sun,BBH,67.6,0.6815920398009949
GW231110_040320-v1,1383624218.2,GWTC-4.0,11.5,1860.0,0.16,19.6,12.6,-4.2,5.5,-2.8,3.0,M_sun,BBH,32.2,0.6428571428571428
GW231108_125142-v1,1383483120.5,GWTC-4.0,12.6,2030.0,-0.09,23.2,17.4,-3.6,5.2,-3.0,3.1,M_sun,BBH,40.599999999999994,0.75
GW231104_133418-v1,1383140076.9,GWTC-4.0,11.8,1460.0,0.14,12.3,8.6,-2.1,4.4,-2.1,1.8,M_sun,BBH,20.9,0.6991869918699186
GW231102_232433-v1,1383002691.5,GWTC-4.0,7.6,,,,,,,,,,Unknown,,
GW231102_071736-v1,1382944674.4,GWTC-4.0,15.6,3700.0,0.07,62.0,43.0,-11.0,12.0,-12.0,13.0,M_sun,BBH,105.0,0.6935483870967742
GW231102_052214-v1,1382937752.4,GWTC-4.0,7.9,,,,,,,,,,Unknown,,
GW231029_111508-v1,1382613326.8,GWTC-4.0,10.8,3100.0,0.14,65.0,42.0,-14.0,17.0,-15.0,15.0,M_sun,BBH,107.0,0.6461538461538462
GW231028_153006-v1,1382542224.3,GWTC-4.0,22.4,4200.0,0.45,99.0,55.0,-22.0,32.0,-21.0,24.0,M_sun,BBH,154.0,0.5555555555555556
GW231026_130704-v1,1382360842.2,GWTC-4.0,8.3,,,,,,,,,,Unknown,,
GW231020_142947-v1,1381847405.6,GWTC-4.0,12.0,1230.0,0.15,12.2,7.3,-2.8,9.1,-2.8,2.1,M_sun,BBH,19.5,0.5983606557377049
GW231018_233037-v1,1381707055.0,GWTC-4.0,9.1,1520.0,0.01,11.6,7.3,-2.5,4.8,-2.0,1.9,M_sun,BBH,18.9,0.6293103448275862
GW231014_040532-v1,1381291551.0,GWTC-4.0,9.0,2300.0,0.17,20.6,14.8,-3.9,7.6,-4.2,3.8,M_sun,BBH,35.400000000000006,0.7184466019417476
GW231013_135504-v1,1381240522.4,GWTC-4.0,8.4,,,,,,,,,,Unknown,,
GW231008_142521-v1,1380810339.8,GWTC-4.0,9.3,2800.0,-0.01,46.0,25.1,-12.0,16.0,-9.3,10.8,M_sun,BBH,71.1,0.5456521739130435
GW231005_144455-v1,1380552313.4,GWTC-4.0,7.3,,,,,,,,,,Unknown,,
GW231005_091549-v1,1380532567.5,GWTC-4.0,11.0,3700.0,-0.04,28.5,21.6,-5.8,9.0,-5.8,6.1,M_sun,BBH,50.1,0.7578947368421053
GW231005_021030-v1,1380507049.0,GWTC-4.0,10.4,6100.0,0.11,85.0,49.0,-23.0,28.0,-19.0,22.0,M_sun,BBH,134.0,0.5764705882352941
GW231004_232346-v1,1380497044.3,GWTC-4.0,8.9,4200.0,-0.05,66.0,34.0,-18.0,23.0,-13.0,15.0,M_sun,BBH,100.0,0.5151515151515151
GW231002_143916-v1,1380292774.7,GWTC-4.0,9.4,,,,,,,,,,Unknown,,
GW231001_140220-v1,1380204158.7,GWTC-4.0,11.5,4200.0,-0.05,77.0,40.0,-22.0,24.0,-14.0,17.0,M_sun,BBH,117.0,0.5194805194805194
GW230930_110730-v1,1380107268.4,GWTC-4.0,9.0,4900.0,0.02,34.1,24.6,-7.4,12.0,-7.1,8.0,M_sun,BBH,58.7,0.7214076246334311
GW230928_215827-v1,1379973525.1,GWTC-4.0,10.5,4700.0,0.42,55.0,30.0,-15.0,17.0,-11.0,13.0,M_sun,BBH,85.0,0.5454545454545454
GW230927_153832-v1,1379864330.9,GWTC-4.0,20.3,1150.0,0.03,21.9,16.6,-2.9,3.6,-2.5,2.5,M_sun,BBH,38.5,0.7579908675799087
GW230927_043729-v1,1379824667.1,GWTC-4.0,12.1,3200.0,,34.9,27.4,-5.9,8.2,-6.5,7.1,M_sun,BBH,62.3,0.7851002865329513
GW230925_143957-v1,1379688015.5,GWTC-4.0,8.0,,,,,,,,,,Unknown,,
GW230924_124453-v1,1379594711.8,GWTC-4.0,13.5,2360.0,0.02,28.7,23.2,-3.8,5.6,-4.2,4.3,M_sun,BBH,51.9,0.8083623693379791
GW230922_040658-v1,1379390836.1,GWTC-4.0,12.5,6400.0,0.33,76.0,51.0,-18.0,28.0,-25.0,22.0,M_sun,BBH,127.0,0.6710526315789473
GW230922_020344-v1,1379383442.9,GWTC-4.0,13.4,1550.0,0.02,39.8,29.3,-6.5,9.9,-6.0,5.5,M_sun,BBH,69.1,0.7361809045226131
GW230920_071124-v1,1379229102.7,GWTC-4.0,11.1,2800.0,,32.5,24.2,-6.0,8.4,-6.8,6.4,M_sun,BBH,56.7,0.7446153846153846
GW230920_064709-v1,1379227647.3,GWTC-4.0,9.5,,,,,,,,,,Unknown,,
GW230919_215712-v1,1379195850.0,GWTC-4.0,16.8,1280.0,0.18,27.5,21.7,-3.5,5.2,-4.2,3.4,M_sun,BBH,49.2,0.7890909090909091
GW230914_111401-v1,1378725259.7,GWTC-4.0,17.2,2600.0,0.12,60.0,36.0,-11.0,11.0,-12.0,13.0,M_sun,BBH,96.0,0.6
GW230911_195324-v1,1378497222.2,GWTC-4.0,11.1,1080.0,-0.06,36.2,20.3,-7.3,7.0,-5.1,5.6,M_sun,BBH,56.5,0.5607734806629834
GW230904_152545-v1,1377876363.2,GWTC-4.0,9.2,,,,,,,,,,Unknown,,
GW230904_051013-v1,1377839431.1,GWTC-4.0,10.5,1000.0,0.05,10.6,7.1,-1.9,4.0,-1.8,1.5,M_sun,BBH,17.7,0.6698113207547169
GW230902_224555-v1,1377729973.7,GWTC-4.0,7.5,,,,,,,,,,Unknown,,
GW230902_172430-v1,1377710688.8,GWTC-4.0,8.5,,,,,,,,,,Unknown,,
GW230902_122814-v1,1377692912.9,GWTC-4.0,8.1,,,,,,,,,,Unknown,,
GW230831_134621-v1,1377524799.7,GWTC-4.0,8.8,,,,,,,,,,Unknown,,
GW230831_015414-v1,1377482072.1,GWTC-4.0,8.6,4700.0,0.04,43.0,31.0,-10.0,16.0,-10.0,12.0,M_sun,BBH,74.0,0.7209302325581395
GW230830_064744-v1,1377413282.2,GWTC-4.0,8.5,,,,,,,,,,Unknown,,
GW230825_041334-v1,1376972032.5,GWTC-4.0,8.8,4600.0,0.31,45.0,27.8,-13.0,17.0,-8.8,12.1,M_sun,BBH,72.8,0.6177777777777778
GW230824_135331-v1,1376920429.9,GWTC-4.0,9.7,,,,,,,,,,Unknown,,
GW230824_033047-v1,1376883065.7,GWTC-4.0,11.1,4600.0,-0.01,53.0,36.0,-12.0,16.0,-13.0,12.0,M_sun,BBH,89.0,0.6792452830188679
GW230823_142524-v1,1376835942.6,GWTC-4.0,8.8,,,,,,,,,,Unknown,,
GW230822_230337-v1,1376780635.5,GWTC-4.0,8.3,,,,,,,,,,Unknown,,
GW230820_212515-v1,1376601934.0,GWTC-4.0,9.3,3900.0,0.22,64.0,32.0,-17.0,22.0,-16.0,19.0,M_sun,BBH,96.0,0.5
GW230819_171910-v1,1376500768.4,GWTC-4.0,9.9,3800.0,-0.04,73.0,33.0,-22.0,51.0,-18.0,21.0,M_sun,BBH,106.0,0.4520547945205479
GW230817_212349-v1,1376342647.1,GWTC-4.0,7.8,,,,,,,,,,Unknown,,
GW230814_230901-v1,1376089759.8,GWTC-4.0,43.0,280.0,-0.01,33.6,28.4,-2.0,2.5,-2.5,2.0,M_sun,BBH,62.0,0.8452380952380951
GW230814_061920-v1,1376029178.5,GWTC-4.0,11.2,3600.0,0.08,72.0,43.0,-15.0,18.0,-16.0,16.0,M_sun,BBH,115.0,0.5972222222222222
GW230811_032116-v1,1375759294.3,GWTC-4.0,13.6,2000.0,0.02,36.4,21.7,-7.4,8.4,-4.8,6.7,M_sun,BBH,58.099999999999994,0.5961538461538461
GW230807_205045-v1,1375476663.4,GWTC-4.0,8.7,,,,,,,,,,Unknown,,
GW230806_204041-v1,1375389659.9,GWTC-4.0,9.4,5500.0,0.08,51.0,35.0,-12.0,17.0,-12.0,13.0,M_sun,BBH,86.0,0.6862745098039216
GW230805_034249-v1,1375242188.0,GWTC-4.0,9.5,3300.0,0.06,32.3,22.7,-7.3,12.4,-7.6,7.5,M_sun,BBH,55.0,0.7027863777089783
GW230803_033412-v1,1375068870.4,GWTC-4.0,9.4,4800.0,0.08,46.0,29.0,-13.0,19.0,-10.0,11.0,M_sun,BBH,75.0,0.6304347826086957
GW230731_215307-v1,1374875605.9,GWTC-4.0,12.2,1110.0,-0.05,10.3,7.8,-1.4,2.8,-1.6,1.2,M_sun,BBH,18.1,0.7572815533980581
GW230729_082317-v1,1374654215.2,GWTC-4.0,9.5,1620.0,0.12,12.4,7.6,-2.8,7.8,-2.6,2.1,M_sun,BBH,20.0,0.6129032258064515
GW230728_083628-v1,1374568606.9,GWTC-4.0,13.1,,,,,,,,,,Unknown,,
GW230726_002940-v1,1374366598.1,GWTC-4.0,10.5,2000.0,-0.03,35.3,28.0,-5.7,8.5,-5.6,5.8,M_sun,BBH,63.3,0.7932011331444759
GW230723_101834-v1,1374142732.4,GWTC-4.0,10.1,1580.0,-0.18,16.7,10.8,-3.5,6.1,-2.8,2.8,M_sun,BBH,27.5,0.6467065868263474
GW230723_084820-v1,1374137318.4,GWTC-4.0,8.4,,,,,,,,,,Unknown,,
GW230721_222634-v1,1374013612.8,GWTC-4.0,7.9,,,,,,,,,,Unknown,,
GW230717_102139-v1,1373624517.1,GWTC-4.0,8.3,,,,,,,,,,Unknown,,
GW230712_090405-v1,1373187863.9,GWTC-4.0,9.5,1900.0,-0.03,32.0,11.4,-10.0,16.0,-4.2,15.1,M_sun,BBH,43.4,0.35625
GW230709_122727-v1,1372940865.2,GWTC-4.0,10.2,4500.0,0.08,45.0,30.0,-11.0,15.0,-13.0,13.0,M_sun,BBH,75.0,0.6666666666666666
GW230709_063445-v1,1372919703.1,GWTC-4.0,7.9,,,,,,,,,,Unknown,,
GW230708_230935-v1,1372892993.5,GWTC-4.0,10.0,3400.0,0.01,65.0,39.0,-15.0,18.0,-14.0,14.0,M_sun,BBH,104.0,0.6
GW230708_071859-v1,1372835957.4,GWTC-4.0,9.1,,,,,,,,,,Unknown,,
GW230708_053705-v1,1372829843.1,GWTC-4.0,8.9,3200.0,0.06,29.1,23.1,-5.2,7.7,-5.1,5.3,M_sun,BBH,52.2,0.7938144329896907
GW230707_124047-v1,1372768865.3,GWTC-4.0,11.9,4400.0,-0.06,45.9,36.8,-7.9,11.8,-9.2,10.5,M_sun,BBH,82.69999999999999,0.8017429193899782
GW230706_104333-v1,1372675431.2,GWTC-4.0,9.2,1900.0,0.19,16.3,11.5,-2.9,5.2,-2.6,2.6,M_sun,BBH,27.8,0.705521472392638
GW230704_212616-v1,1372541194.7,GWTC-4.0,8.7,7100.0,0.35,92.0,48.0,-28.0,43.0,-24.0,31.0,M_sun,BBH,140.0,0.5217391304347826
GW230704_021211-v1,1372471949.2,GWTC-4.0,9.4,2600.0,-0.01,33.3,19.9,-8.1,11.0,-5.6,6.5,M_sun,BBH,53.199999999999996,0.5975975975975976
GW230702_185453-v1,1372359311.7,GWTC-4.0,10.1,2300.0,0.04,41.0,18.1,-13.0,20.0,-6.5,8.3,M_sun,BBH,59.1,0.4414634146341464
GW230702_162025-v1,1372350043.9,GWTC-4.0,9.2,,,,,,,,,,Unknown,,
GW230630_234532-v1,1372203950.4,GWTC-4.0,9.9,1070.0,-0.04,10.0,6.7,-1.8,3.4,-1.6,1.4,M_sun,BBH,16.7,0.67
GW230630_125806-v1,1372165104.9,GWTC-4.0,9.0,5000.0,0.18,53.0,33.0,-15.0,20.0,-13.0,15.0,M_sun,BBH,86.0,0.6226415094339622
GW230630_070659-v1,1372144037.0,GWTC-4.0,9.8,,,,,,,,,,Unknown,,
GW230628_231200-v1,1372029138.4,GWTC-4.0,16.4,2250.0,-0.01,32.4,27.2,-3.8,5.7,-5.0,4.9,M_sun,BBH,59.599999999999994,0.8395061728395062
GW230627_015337-v1,1371866035.8,GWTC-4.0,28.7,305.0,0.02,8.4,5.78,-1.3,1.7,-0.9,0.95,M_sun,BBH,14.18,0.6880952380952381
GW230625_211655-v1,1371763033.0,GWTC-4.0,8.1,,,,,,,,,,Unknown,,
GW230624_214944-v1,1371678602.5,GWTC-4.0,10.6,,,,,,,,,,Unknown,,
GW230624_113103-v1,1371641481.7,GWTC-4.0,11.4,1810.0,0.18,28.0,16.2,-7.3,13.6,-4.4,4.7,M_sun,BBH,44.2,0.5785714285714285
GW230618_102550-v1,1371119168.0,GWTC-4.0,7.8,,,,,,,,,,Unknown,,
GW230615_160825-v1,1370880524.0,GWTC-4.0,8.9,,,,,,,,,,Unknown,,
GW230609_064958-v1,1370328616.3,GWTC-4.0,10.6,3300.0,-0.16,35.2,25.0,-6.8,10.2,-7.2,7.5,M_sun,BBH,60.2,0.7102272727272727
GW230609_010824-v1,1370308122.4,GWTC-4.0,8.0,,,,,,,,,,Unknown,,
GW230608_205047-v1,1370292665.2,GWTC-4.0,10.2,3400.0,0.04,49.0,30.2,-11.0,13.0,-9.9,11.0,M_sun,BBH,79.2,0.6163265306122448
GW230606_024545-v1,1370054763.5,GWTC-4.0,7.5,,,,,,,,,,Unknown,,
GW230606_004305-v1,1370047403.8,GWTC-4.0,11.1,2700.0,-0.13,37.3,25.7,-7.3,12.1,-7.9,7.9,M_sun,BBH,63.0,0.6890080428954424
GW230605_065343-v1,1369983241.5,GWTC-4.0,11.4,1040.0,0.07,17.5,11.0,-3.7,6.3,-2.6,2.5,M_sun,BBH,28.5,0.6285714285714286
GW230603_174756-v1,1369849694.9,GWTC-4.0,8.0,,,,,,,,,,Unknown,,
GW230601_224134-v1,1369694512.1,GWTC-4.0,13.4,3400.0,-0.01,66.0,44.0,-13.0,16.0,-14.0,13.0,M_sun,BBH,110.0,0.6666666666666666
GW230531_141100-v1,1369577478.3,GWTC-4.0,8.0,,,,,,,,,,Unknown,,
GW230529_181500-v2,1369419318.7,GWTC-4.0,11.8,,,,,,,,,,Unknown,,
GW230518_125908-v1,1368449966.2,GWTC-4.0,14.1,,,,,,,,,,Unknown,,
GW200322_091133-v1,1268903511.3,GWTC-3-confident,4.5,3500.0,0.27,38.0,11.3,-22.0,130.0,-6.0,24.3,M_sun,BBH,49.3,0.2973684210526316
GW200316_215756-v1,1268431094.1,GWTC-3-confident,10.3,1120.0,0.13,13.1,7.8,-2.9,10.2,-2.9,2.0,M_sun,BBH,20.9,0.5954198473282443
GW200311_115853-v1,1267963151.3,GWTC-3-confident,17.8,1170.0,-0.02,34.2,27.7,-3.8,6.4,-5.9,4.1,M_sun,BBH,61.900000000000006,0.8099415204678362
GW200308_173609-v1,1267724187.7,GWTC-3-confident,4.7,7100.0,0.16,60.0,24.0,-29.0,166.0,-13.0,36.0,M_sun,BBH,84.0,0.4
GW200306_093714-v1,1267522652.1,GWTC-3-confident,7.8,2100.0,0.32,28.3,14.8,-7.7,17.1,-6.4,6.5,M_sun,BBH,43.1,0.5229681978798587
GW200302_015811-v1,1267149509.5,GWTC-3-confident,10.8,1480.0,0.01,37.8,20.0,-8.5,8.7,-5.7,8.1,M_sun,BBH,57.8,0.5291005291005292
GW200225_060421-v1,1266645879.3,GWTC-3-confident,12.5,1150.0,-0.12,19.3,14.0,-3.0,5.0,-3.5,2.8,M_sun,BBH,33.3,0.7253886010362695
GW200224_222234-v1,1266618172.4,GWTC-3-confident,20.0,1710.0,0.1,40.0,32.7,-4.5,6.7,-7.2,4.8,M_sun,BBH,72.7,0.8175000000000001
GW200220_124850-v1,1266238148.1,GWTC-3-confident,8.5,4000.0,-0.07,38.9,27.9,-8.6,14.1,-9.0,9.2,M_sun,BBH,66.8,0.7172236503856041
GW200220_061928-v1,1266214786.7,GWTC-3-confident,7.2,6000.0,0.06,87.0,61.0,-23.0,40.0,-25.0,26.0,M_sun,BBH,148.0,0.7011494252873564
GW200219_094415-v1,1266140673.1,GWTC-3-confident,10.7,3400.0,-0.08,37.5,27.9,-6.9,10.1,-8.4,7.4,M_sun,BBH,65.4,0.744
GW200216_220804-v1,1265926102.8,GWTC-3-confident,8.1,3800.0,0.1,51.0,30.0,-13.0,22.0,-16.0,14.0,M_sun,BBH,81.0,0.5882352941176471
GW200210_092254-v1,1265361792.9,GWTC-3-confident,8.4,940.0,0.02,24.1,2.83,-4.6,7.5,-0.42,0.47,M_sun,BBH,26.93,0.11742738589211618
GW200209_085452-v1,1265273710.1,GWTC-3-confident,9.6,3400.0,-0.12,35.6,27.1,-6.8,10.5,-7.8,7.8,M_sun,BBH,62.7,0.7612359550561798
GW200208_222617-v1,1265235995.9,GWTC-3-confident,7.4,4100.0,0.45,51.0,12.3,-30.0,103.0,-5.5,9.2,M_sun,BBH,63.3,0.2411764705882353
GW200208_130117-v1,1265202095.9,GWTC-3-confident,10.8,2230.0,-0.07,37.7,27.4,-6.2,9.3,-7.3,6.3,M_sun,BBH,65.1,0.7267904509283819
GW200202_154313-v1,1264693411.5,GWTC-3-confident,10.8,410.0,0.04,10.1,7.3,-1.4,3.5,-1.7,1.1,M_sun,BBH,17.4,0.7227722772277227
GW200129_065458-v1,1264316116.4,GWTC-3-confident,26.8,890.0,0.11,34.5,29.0,-3.1,9.9,-9.3,3.3,M_sun,BBH,63.5,0.8405797101449275
GW200128_022011-v1,1264213229.9,GWTC-3-confident,10.6,3400.0,0.12,42.2,32.6,-8.1,11.6,-9.2,9.5,M_sun,BBH,74.80000000000001,0.7725118483412322
GW200115_042309-v2,1263097407.7,GWTC-3-confident,11.3,290.0,-0.15,5.9,1.44,-2.5,2.0,-0.28,0.85,M_sun,NSBH,7.34,0.24406779661016947
GW200112_155838-v1,1262879936.0,GWTC-3-confident,19.8,1250.0,0.06,35.6,28.3,-4.5,6.7,-5.9,4.4,M_sun,BBH,63.900000000000006,0.7949438202247191
GW191230_180458-v1,1261764316.4,GWTC-3-confident,10.4,4300.0,-0.05,49.4,37.0,-9.6,14.0,-12.0,11.0,M_sun,BBH,86.4,0.7489878542510122
GW191222_033537-v1,1261020955.1,GWTC-3-confident,12.5,3000.0,-0.04,45.1,34.7,-8.0,10.9,-10.5,9.3,M_sun,BBH,79.80000000000001,0.7694013303769401
GW191219_163120-v1,1260808298.4,GWTC-3-confident,9.1,550.0,0.0,31.1,1.17,-2.8,2.2,-0.06,0.07,M_sun,NSBH,32.27,0.037620578778135044
GW191216_213338-v1,1260567236.4,GWTC-3-confident,18.6,340.0,0.11,12.1,7.7,-2.2,4.6,-1.9,1.6,M_sun,BBH,19.8,0.6363636363636364
GW191215_223052-v1,1260484270.3,GWTC-3-confident,11.2,1930.0,-0.04,24.9,18.1,-4.1,7.1,-4.1,3.8,M_sun,BBH,43.0,0.7269076305220884
GW191204_171526-v1,1259514944.0,GWTC-3-confident,17.4,640.0,0.16,11.7,8.4,-1.7,3.3,-1.7,1.3,M_sun,BBH,20.1,0.7179487179487181
GW191204_110529-v1,1259492747.5,GWTC-3-confident,8.9,1900.0,0.05,27.3,19.2,-5.9,10.8,-6.0,5.5,M_sun,BBH,46.5,0.7032967032967032
GW191129_134029-v1,1259070047.1,GWTC-3-confident,13.1,790.0,0.06,10.7,6.7,-2.1,4.1,-1.7,1.5,M_sun,BBH,17.4,0.6261682242990655
GW191127_050227-v1,1258866165.5,GWTC-3-confident,9.2,3400.0,0.18,53.0,24.0,-20.0,47.0,-14.0,17.0,M_sun,BBH,77.0,0.4528301886792453
GW191126_115259-v1,1258804397.6,GWTC-3-confident,8.3,1620.0,0.21,12.1,8.3,-2.2,5.5,-2.4,1.9,M_sun,BBH,20.4,0.6859504132231405
GW191113_071753-v1,1257664691.8,GWTC-3-confident,7.9,1370.0,0.0,29.0,5.9,-14.0,12.0,-1.3,4.4,M_sun,BBH,34.9,0.20344827586206898
GW191109_010717-v1,1257296855.2,GWTC-3-confident,17.3,1290.0,-0.29,65.0,47.0,-11.0,11.0,-13.0,15.0,M_sun,BBH,112.0,0.7230769230769231
GW191105_143521-v1,1256999739.9,GWTC-3-confident,9.7,1150.0,-0.02,10.7,7.7,-1.6,3.7,-1.9,1.4,M_sun,BBH,18.4,0.7196261682242991
GW191103_012549-v1,1256779567.5,GWTC-3-confident,8.9,990.0,0.21,11.8,7.9,-2.2,6.2,-2.4,1.7,M_sun,BBH,19.700000000000003,0.6694915254237288
GW190930_133541-v2,1253885759.2,GWTC-2.1-confident,9.7,770.0,0.19,14.2,6.9,-4.0,8.0,-2.1,2.4,M_sun,BBH,21.1,0.48591549295774655
GW190929_012149-v2,1253755327.4,GWTC-2.1-confident,9.7,3130.0,-0.03,66.3,26.8,-16.6,21.6,-10.6,14.7,M_sun,BBH,93.1,0.4042232277526395
GW190926_050336-v1,1253509434.0,GWTC-2.1-confident,8.1,3280.0,-0.02,41.1,20.4,-12.5,20.8,-8.2,11.4,M_sun,BBH,61.5,0.4963503649635036
GW190925_232845-v1,1253489343.1,GWTC-2.1-confident,9.7,930.0,0.09,20.8,15.5,-2.9,6.5,-3.6,2.5,M_sun,BBH,36.3,0.7451923076923077
GW190924_021846-v2,1253326744.8,GWTC-2.1-confident,12.0,550.0,0.03,8.8,5.1,-1.8,4.3,-1.5,1.2,M_sun,BBH,13.9,0.5795454545454545
GW190917_114630-v1,1252756008.0,GWTC-2.1-confident,8.3,720.0,-0.08,9.7,2.1,-3.9,3.4,-0.4,1.1,M_sun,NSBH,11.799999999999999,0.21649484536082478
GW190916_200658-v1,1252699636.9,GWTC-2.1-confident,8.1,4940.0,0.2,43.8,23.3,-12.6,19.9,-10.0,12.5,M_sun,BBH,67.1,0.5319634703196348
GW190915_235702-v2,1252627040.6,GWTC-2.1-confident,13.1,1750.0,-0.03,32.6,24.5,-4.9,8.8,-5.8,4.9,M_sun,BBH,57.1,0.7515337423312883
GW190910_112807-v2,1252150105.3,GWTC-2.1-confident,14.5,1520.0,0.0,43.8,34.2,-6.8,7.6,-7.3,6.6,M_sun,BBH,78.0,0.7808219178082193
GW190828_065509-v2,1251010527.8,GWTC-2.1-confident,10.2,1540.0,0.05,23.7,10.4,-6.7,6.8,-2.2,3.8,M_sun,BBH,34.1,0.4388185654008439
GW190828_063405-v2,1251009263.7,GWTC-2.1-confident,16.5,2070.0,0.15,31.9,25.8,-4.1,5.4,-5.3,4.9,M_sun,BBH,57.7,0.8087774294670848
GW190814_211039-v3,1249852257.0,GWTC-2.1-confident,25.3,230.0,0.0,23.3,2.6,-1.4,1.4,-0.1,0.1,M_sun,BBH,25.900000000000002,0.11158798283261803
GW190805_211137-v1,1249074715.3,GWTC-2.1-confident,8.1,6130.0,0.37,46.2,30.6,-11.2,15.4,-11.3,11.8,M_sun,BBH,76.80000000000001,0.6623376623376623
GW190803_022701-v2,1248834439.8,GWTC-2.1-confident,9.3,3190.0,-0.01,37.7,27.6,-6.7,9.8,-8.5,7.6,M_sun,BBH,65.30000000000001,0.7320954907161804
GW190731_140936-v2,1248617394.6,GWTC-2.1-confident,8.8,3330.0,0.07,41.8,29.0,-9.1,12.7,-9.9,10.2,M_sun,BBH,70.8,0.6937799043062202
GW190728_064510-v2,1248331528.5,GWTC-2.1-confident,13.1,880.0,0.13,12.5,8.0,-2.3,6.9,-2.6,1.7,M_sun,BBH,20.5,0.64
GW190727_060333-v2,1248242631.9,GWTC-2.1-confident,11.7,3070.0,0.09,38.9,30.2,-6.0,8.9,-8.3,6.5,M_sun,BBH,69.1,0.7763496143958869
GW190725_174728-v1,1248112066.4,GWTC-2.1-confident,9.1,1030.0,-0.04,11.8,6.3,-3.0,10.1,-2.5,2.1,M_sun,BBH,18.1,0.5338983050847457
GW190720_000836-v2,1247616534.7,GWTC-2.1-confident,10.9,770.0,0.19,14.2,7.5,-3.3,5.6,-1.8,2.2,M_sun,BBH,21.7,0.5281690140845071
GW190719_215514-v2,1247608532.9,GWTC-2.1-confident,7.9,3730.0,0.25,36.6,19.9,-11.1,42.1,-9.3,10.0,M_sun,BBH,56.5,0.5437158469945355
GW190708_232457-v2,1246663515.3,GWTC-2.1-confident,13.4,930.0,0.05,19.8,11.6,-4.3,4.3,-2.0,3.1,M_sun,BBH,31.4,0.5858585858585859
GW190707_093326-v2,1246527224.1,GWTC-2.1-confident,13.1,850.0,-0.04,12.1,7.9,-2.0,2.6,-1.3,1.6,M_sun,BBH,20.0,0.6528925619834711
GW190706_222641-v2,1246487219.3,GWTC-2.1-confident,13.4,3630.0,0.28,74.0,39.4,-16.9,20.1,-15.4,18.4,M_sun,BBH,113.4,0.5324324324324324
GW190701_203306-v2,1246048404.5,GWTC-2.1-confident,11.2,2090.0,-0.08,54.1,40.5,-8.0,12.6,-12.1,8.7,M_sun,BBH,94.6,0.7486136783733826
GW190630_185205-v2,1245955943.1,GWTC-2.1-confident,16.4,870.0,0.1,35.1,24.0,-5.5,6.5,-5.2,5.5,M_sun,BBH,59.1,0.6837606837606838
GW190620_030421-v2,1245035079.3,GWTC-2.1-confident,12.1,2910.0,0.34,58.0,35.0,-13.3,19.2,-14.5,13.1,M_sun,BBH,93.0,0.603448275862069
GW190602_175927-v2,1243533585.0,GWTC-2.1-confident,13.2,2840.0,0.12,71.8,44.8,-14.6,18.1,-19.6,15.5,M_sun,BBH,116.6,0.6239554317548747
GW190527_092055-v2,1242984073.7,GWTC-2.1-confident,8.0,2520.0,0.1,35.6,22.2,-8.0,18.7,-8.7,9.0,M_sun,BBH,57.8,0.6235955056179775
GW190521_074359-v2,1242459857.4,GWTC-2.1-confident,25.9,1080.0,0.1,43.4,33.4,-5.5,5.8,-6.8,5.2,M_sun,BBH,76.8,0.7695852534562212
GW190521_030229-v4,1242442967.4,GWTC-2.1-confident,14.3,3310.0,-0.14,98.4,57.2,-21.7,33.6,-30.1,27.1,M_sun,BBH,155.60000000000002,0.5813008130081301
GW190519_153544-v2,1242315362.3,GWTC-2.1-confident,15.9,2600.0,0.33,65.1,40.8,-11.0,10.8,-12.7,11.5,M_sun,BBH,105.89999999999999,0.6267281105990784
GW190517_055101-v2,1242107479.8,GWTC-2.1-confident,10.8,1790.0,0.49,39.2,24.0,-9.2,13.9,-7.9,7.4,M_sun,BBH,63.2,0.6122448979591836
GW190514_065416-v2,1241852074.8,GWTC-2.1-confident,8.0,3890.0,-0.08,40.9,28.4,-9.3,17.3,-10.1,10.0,M_sun,BBH,69.3,0.6943765281173594
GW190513_205428-v2,1241816086.7,GWTC-2.1-confident,12.5,2210.0,0.16,36.0,18.3,-9.7,10.6,-4.7,7.4,M_sun,BBH,54.3,0.5083333333333333
GW190512_180714-v2,1241719652.4,GWTC-2.1-confident,12.7,1460.0,0.02,23.2,12.5,-5.6,5.6,-2.6,3.5,M_sun,BBH,35.7,0.5387931034482759
GW190503_185404-v2,1240944862.2,GWTC-2.1-confident,12.2,1520.0,-0.05,41.3,28.3,-7.7,10.3,-9.2,7.5,M_sun,BBH,69.6,0.6852300242130751
GW190426_190642-v1,1240340820.6,GWTC-2.1-confident,8.7,4580.0,0.23,105.5,76.0,-24.1,45.3,-36.5,26.2,M_sun,BBH,181.5,0.7203791469194313
GW190425_081805-v3,1240215503.0,GWTC-2.1-confident,12.4,150.0,0.07,2.1,1.3,-0.4,0.5,-0.2,0.3,M_sun,BNS,3.4000000000000004,0.6190476190476191
GW190421_213856-v2,1239917954.2,GWTC-2.1-confident,10.7,2590.0,-0.1,42.0,32.0,-7.4,10.1,-9.8,8.3,M_sun,BBH,74.0,0.7619047619047619
GW190413_134308-v2,1239198206.7,GWTC-2.1-confident,10.6,3800.0,-0.01,51.3,30.4,-12.6,16.6,-12.7,11.7,M_sun,BBH,81.69999999999999,0.5925925925925926
GW190413_052954-v2,1239168612.5,GWTC-2.1-confident,9.0,3320.0,-0.04,33.7,24.2,-6.4,10.4,-7.0,6.5,M_sun,BBH,57.900000000000006,0.7181008902077151
GW190412_053044-v4,1239082262.1,GWTC-2.1-confident,19.8,720.0,0.21,27.7,9.0,-6.0,6.0,-1.4,2.0,M_sun,BBH,36.7,0.3249097472924188
GW190408_181802-v2,1238782700.2,GWTC-2.1-confident,14.6,1540.0,-0.03,24.8,18.5,-3.5,5.4,-4.0,3.3,M_sun,BBH,43.3,0.7459677419354839
GW190403_051519-v1,1238303737.2,GWTC-2.1-confident,7.6,8280.0,0.68,85.0,20.0,-33.0,27.8,-8.4,26.3,M_sun,BBH,105.0,0.23529411764705882
GW170823-v1,1187529256.5,GWTC-1-confident,12.2,1940.0,0.09,39.5,29.0,-6.7,11.2,-7.8,6.7,M_sun,BBH,68.5,0.7341772151898734
GW170818-v1,1187058327.1,GWTC-1-confident,12.0,1060.0,-0.09,35.4,26.7,-4.7,7.5,-5.2,4.3,M_sun,BBH,62.099999999999994,0.7542372881355932
GW170817-v3,1187008882.4,GWTC-1-confident,33.0,40.0,0.0,1.46,1.27,-0.1,0.12,-0.09,0.09,M_sun,BNS,2.73,0.8698630136986302
GW170814-v3,1186741861.5,GWTC-1-confident,17.7,600.0,0.07,30.6,25.2,-3.0,5.6,-4.0,2.8,M_sun,BBH,55.8,0.8235294117647058
GW170809-v1,1186302519.8,GWTC-1-confident,12.8,1030.0,0.08,35.0,23.8,-5.9,8.3,-5.2,5.1,M_sun,BBH,58.8,0.68
GW170729-v1,1185389807.3,GWTC-1-confident,10.8,2840.0,0.37,50.2,34.0,-10.2,16.2,-10.1,9.1,M_sun,BBH,84.2,0.6772908366533864
GW170608-v3,1180922494.5,GWTC-1-confident,15.4,320.0,0.03,11.0,7.6,-1.7,5.5,-2.2,1.4,M_sun,BBH,18.6,0.6909090909090909
GW170104-v2,1167559936.6,GWTC-1-confident,13.8,990.0,-0.04,30.8,20.0,-5.6,7.3,-4.6,4.9,M_sun,BBH,50.8,0.6493506493506493
GW151226-v2,1135136350.6,GWTC-1-confident,13.1,450.0,0.18,13.7,7.7,-3.2,8.8,-2.5,2.2,M_sun,BBH,21.4,0.562043795620438
GW151012-v3,1128678900.4,GWTC-1-confident,10.0,1080.0,0.05,23.2,13.6,-5.5,14.9,-4.8,4.1,M_sun,BBH,36.8,0.5862068965517241
GW150914-v3,1126259462.4,GWTC-1-confident,26.0,440.0,-0.01,35.6,30.6,-3.1,4.7,-4.4,3.0,M_sun,BBH,66.2,0.8595505617977528
